Tag,Species,Site,Captured Session 1,Captured Session 2,Captured Session 3,Captured Session 4,Captured Session 5,Captured Session 6,Captured Session 7
826,Mouse,MidA,0,0,0,0,1,1,1
866,Mouse,MidA,1,1,0,0,1,1,1
899,Chip,MidA,1,1,1,1,1,1,1
925,Mouse,MidA,0,0,1,0,0,0,1
927,Mouse,MidA,0,0,0,0,1,0,0
947,Mouse,MidA,1,1,1,0,0,0,0
974,Mouse,MidA,0,0,1,0,1,0,0
997,Mouse,MidA,0,0,0,0,1,1,1
998,Mouse,MidA,1,0,1,0,1,0,0
829,Mouse,MidB,0,0,1,0,1,0,.
859,Vole,MidB,0,0,0,0,1,0,.
861,Vole,MidB,0,0,0,1,0,0,.
862,Mouse,MidB,0,0,1,0,1,0,.
863,Mouse,MidB,1,0,1,0,1,1,.
864,Mouse,MidB,1,1,0,0,1,0,.
920,Vole,MidB,0,0,1,1,1,1,.
921,Vole,MidB,0,1,0,0,0,0,.
977,Mouse,MidB,0,0,1,0,1,1,.
995,Mouse,MidB,1,0,1,0,1,1,.
996,Vole,MidB,1,0,1,0,0,0,.
1005,Mouse,MidB,0,0,1,0,0,0,.
841,Mouse,MidC,1,0,1,0,0,0,1
842,Mouse,MidC,1,0,0,0,1,0,1
844,Mouse,MidC,0,0,1,0,1,0,1
855,Mouse,MidC,1,0,1,1,1,0,1
856,Mouse,MidC,1,0,1,1,0,0,1
857,Mouse,MidC,1,0,0,0,1,0,1
878,Mouse,MidC,0,0,0,0,1,0,1
881,Mouse,MidC,0,0,0,0,1,0,1
907,Mouse,MidC,0,0,1,0,1,0,0
919,Mouse,MidC,1,1,1,0,1,0,1
931,Mouse,MidC,0,0,1,0,1,0,1
934,Mouse,MidC,0,0,1,0,1,1,1
936,Mouse,MidC,0,0,1,0,1,0,1
972,Vole,MidC,1,0,0,0,1,0,0
976,Mouse,MidC,1,0,1,0,0,0,1
1007,Vole,MidC,0,0,0,0,0,0,1
1008,Vole,MidC,0,0,0,0,0,0,1
1009,Mouse,MidC,0,0,0,0,0,0,1
1010,Mouse,MidC,0,0,0,0,0,0,1
889,Mouse,MidD,1,0,1,0,1,0,1
890,Mouse,MidD,1,0,1,1,1,1,1
891,Mouse,MidD,1,1,1,0,1,0,1
892,Chip,MidD,1,1,0,1,1,0,0
893,Mouse,MidD,0,0,1,1,1,1,1
894,Mouse,MidD,0,0,1,0,1,1,1
898,Chip,MidD,0,0,0,1,0,0,0
901,Chip,MidD,1,1,0,1,0,0,0
930,Chip,MidD,0,0,0,0,1,0,0
945,Chip,MidD,1,1,0,1,1,0,0
965,Vole,MidD,0,1,0,0,1,0,1
984,Mouse,MidD,1,0,1,0,1,1,1
1014,Mouse,MidD,0,0,0,0,0,0,1
1015,Mouse,MidD,0,0,0,0,0,0,1
702,Chip,MidE,1,1,1,1,0,1,0
707,Chip,MidE,0,0,0,0,0,1,0
709,Mouse,MidE,0,0,0,0,1,0,1
710,Mouse,MidE,0,0,1,0,1,0,1
711,Mouse,MidE,0,0,0,0,1,0,0
712,Chip,MidE,1,1,0,1,0,1,1
715,Chip,MidE,1,1,1,1,1,1,1
717,Vole,MidE,0,0,1,0,1,0,0
721,Mouse,MidE,1,0,1,0,1,0,1
724,Mouse,MidE,1,0,1,0,1,0,1
730,Vole,MidE,0,0,0,1,0,0,0
735,Vole,MidE,0,1,0,0,0,0,0
737,Mouse,MidE,1,0,0,0,0,0,0
742,Chip,MidE,0,0,0,0,0,1,1
757,Mouse,MidE,0,0,0,0,1,0,0
764,Mouse,MidE,1,0,1,0,1,0,1
765,Mouse,MidE,0,0,1,0,1,0,1
766,Vole,MidE,0,0,1,0,0,0,1
768,Mouse,MidE,0,0,0,0,1,0,1
770,Mouse,MidE,0,0,1,0,1,0,1
776,Mouse,MidE,0,0,0,0,1,0,1
779,Mouse,MidE,1,0,1,0,1,0,0
791,Mouse,MidE,0,0,0,0,1,0,1
796,Chip,MidE,0,0,0,0,0,1,1
928,Chip,MidE,0,0,1,1,1,1,1
939,Mouse,MidE,0,0,0,0,1,0,0
952,Mouse,MidE,0,0,1,0,0,0,0
966,Mouse,MidE,0,0,1,0,1,0,1
2008,Mouse,MidE,0,0,0,0,0,0,1
2009,Mouse,MidE,0,0,0,0,0,0,1
2010,Mouse,MidE,0,0,0,0,0,0,1
2025,Mouse,MidE,0,0,0,0,0,0,1
2026,Mouse,MidE,0,0,0,0,0,0,1
2027,Mouse,MidE,0,0,0,0,0,0,1
2028,Mouse,MidE,0,0,0,0,0,0,1
2059,Mouse,MidE,0,0,0,0,0,0,1
501,Mouse,MidF,0,0,1,0,1,0,1
502,Mouse,MidF,0,0,1,0,1,0,1
503,Mouse,MidF,0,0,1,0,0,0,1
504,Mouse,MidF,0,0,1,0,0,0,1
505,Mouse,MidF,0,0,1,1,1,0,1
506,Mouse,MidF,0,0,1,0,1,1,0
507,Mouse,MidF,0,0,1,0,0,0,0
508,Mouse,MidF,0,0,1,0,0,0,1
509,Mouse,MidF,0,0,1,0,0,0,0
510,Mouse,MidF,0,0,0,0,1,0,0
511,Mouse,MidF,0,0,0,0,1,0,0
512,Mouse,MidF,0,0,0,0,1,0,0
513,Mouse,MidF,0,0,0,0,1,0,0
514,Chip,MidF,0,0,0,0,0,1,0
515,Vole,MidF,0,0,0,0,0,1,0
602,Mouse,MidF,1,0,1,0,1,0,0
603,Mouse,MidF,1,0,1,0,1,1,1
604,Mouse,MidF,1,0,1,0,0,0,1
605,Mouse,MidF,1,0,1,1,1,0,1
606,Mouse,MidF,1,0,1,0,1,1,1
607,Mouse,MidF,1,1,1,1,1,1,1
608,Mouse,MidF,1,0,0,0,1,0,1
609,Mouse,MidF,1,0,1,0,1,0,1
610,Mouse,MidF,1,1,1,0,0,0,1
611,Mouse,MidF,1,0,0,0,1,0,1
612,Mouse,MidF,1,1,1,1,1,0,1
613,Mouse,MidF,1,0,0,0,0,0,0
614,Mouse,MidF,1,0,1,1,0,0,0
615,Mouse,MidF,1,0,1,0,1,1,1
616,Mouse,MidF,1,0,1,0,1,1,1
617,Mouse,MidF,1,0,1,1,1,1,0
618,Mouse,MidF,1,0,1,1,0,0,1
619,Vole,MidF,0,1,0,0,0,0,0
620,Vole,MidF,0,0,1,0,1,1,0
621,Mouse,MidF,0,0,1,0,1,0,1
622,Mouse,MidF,0,0,1,0,0,0,0
623,Mouse,MidF,0,0,1,1,1,1,1
624,Mouse,MidF,0,0,1,0,0,0,0
625,Mouse,MidF,0,0,1,0,1,1,1
626,Mouse,MidF,0,0,1,0,1,0,1
627,Mouse,MidF,0,0,1,0,0,0,0
628,Mouse,MidF,0,0,1,0,1,0,1
629,Mouse,MidF,0,0,0,0,1,0,0
653,Chip,MidF,1,1,0,1,1,1,1
654,Mouse,MidF,1,0,1,0,1,1,1
655,Mouse,MidF,1,0,1,1,1,0,1
656,Mouse,MidF,1,0,0,0,1,1,1
657,Mouse,MidF,1,0,0,0,1,0,1
658,Mouse,MidF,1,1,0,1,1,1,1
659,Mouse,MidF,1,0,1,0,1,0,1
660,Mouse,MidF,1,0,1,1,0,0,1
661,Mouse,MidF,1,1,1,0,1,1,1
662,Mouse,MidF,1,1,1,0,1,0,1
663,Mouse,MidF,1,0,1,1,0,0,1
664,Mouse,MidF,1,0,0,0,1,0,0
665,Mouse,MidF,1,0,0,0,0,0,1
666,Mouse,MidF,1,0,1,0,1,0,1
667,Mouse,MidF,1,1,1,0,0,1,1
668,Mouse,MidF,1,1,0,0,1,0,0
670,Mouse,MidF,1,1,1,1,1,1,1
671,Mouse,MidF,0,1,0,0,1,1,0
672,Mouse,MidF,0,0,1,0,1,0,1
673,Mouse,MidF,0,0,1,0,0,0,1
675,Mouse,MidF,0,0,1,0,1,0,0
694,Chip,MidF,1,1,1,1,1,1,0
695,Mouse,MidF,1,0,1,0,1,0,0
696,Mouse,MidF,1,1,1,1,1,0,1
697,Mouse,MidF,1,0,1,0,1,0,1
698,Mouse,MidF,1,0,1,0,1,0,1
699,Mouse,MidF,1,0,1,0,0,0,0
700,Mouse,MidF,1,0,1,0,1,0,1
2012,Mouse,MidF,0,0,0,0,0,0,1
2013,Mouse,MidF,0,0,0,0,0,0,1
2038,Mouse,MidF,0,0,0,0,0,0,1
2039,Mouse,MidF,0,0,0,0,0,0,1
2040,Mouse,MidF,0,0,0,0,0,0,1
2041,Mouse,MidF,0,0,0,0,0,0,1
2042,Mouse,MidF,0,0,0,0,0,0,1
426,Mouse,MidG,0,0,0,0,1,0,1
427,Mouse,MidG,1,0,1,0,1,0,1
428,Mouse,MidG,1,0,1,0,1,0,0
429,Mouse,MidG,1,0,1,0,1,0,0
430,Mouse,MidG,1,0,1,0,0,0,0
431,Mouse,MidG,1,0,1,1,1,0,1
432,Mouse,MidG,1,0,1,0,1,0,1
433,Mouse,MidG,1,0,1,0,1,0,1
434,Mouse,MidG,1,0,1,0,1,0,1
435,Mouse,MidG,1,0,1,0,1,0,0
436,Mouse,MidG,1,0,0,0,1,0,1
437,Mouse,MidG,1,0,1,0,1,0,1
438,Vole,MidG,1,0,0,0,0,1,0
439,Mouse,MidG,1,0,1,0,1,0,0
440,Mouse,MidG,1,0,1,0,1,0,1
441,Mouse,MidG,1,0,1,0,1,0,1
442,Mouse,MidG,1,0,1,0,1,0,1
443,Mouse,MidG,0,0,1,0,1,0,0
444,Mouse,MidG,0,0,1,0,1,0,1
445,Chip,MidG,0,0,0,1,0,1,0
446,Chip,MidG,0,0,0,0,0,1,0
448,Mouse,MidG,0,0,1,0,1,0,1
469,Mouse,MidG,0,0,0,0,1,0,1
470,Mouse,MidG,0,0,0,0,1,0,1
471,Mouse,MidG,0,0,0,0,1,0,1
476,Mouse,MidG,1,0,1,0,1,0,0
477,Mouse,MidG,1,0,1,0,1,0,1
478,Mouse,MidG,1,0,0,0,1,0,0
479,Mouse,MidG,1,0,1,0,1,0,1
480,Mouse,MidG,1,0,1,0,1,0,1
481,Mouse,MidG,1,0,1,0,1,0,1
482,Mouse,MidG,1,0,1,0,1,0,0
483,Mouse,MidG,1,0,1,1,0,0,1
485,Mouse,MidG,1,0,1,0,0,0,0
486,Mouse,MidG,1,0,0,0,1,1,1
487,Mouse,MidG,0,0,1,0,0,0,1
488,Vole,MidG,0,0,1,0,0,0,0
489,Mouse,MidG,0,0,1,0,0,0,0
490,Mouse,MidG,0,0,0,0,1,0,0
491,Mouse,MidG,0,0,0,0,1,0,0
573,Mouse,MidG,1,0,1,0,0,0,1
574,Mouse,MidG,1,0,1,0,1,0,0
575,Mouse,MidG,1,0,1,0,1,0,1
2016,Mouse,MidG,0,0,0,0,0,0,1
2017,Mouse,MidG,0,0,0,0,0,0,1
2049,Mouse,MidG,0,0,0,0,0,0,1
2050,Mouse,MidG,0,0,0,0,0,0,1
2051,Mouse,MidG,0,0,0,0,0,0,1
2052,Mouse,MidG,0,0,0,0,0,0,1
2064,Mouse,MidG,0,0,0,0,0,0,1
2214,Chip,MidG,0,0,0,0,0,0,1
2215,Chip,MidG,0,0,0,0,0,0,1
2216,Chip,MidG,0,0,0,0,0,0,1
824,Mouse,YoungA,1,0,1,0,0,0,0
825,Vole,YoungA,1,0,1,0,0,1,0
867,Mouse,YoungA,0,0,0,0,1,0,1
869,Vole,YoungA,0,0,0,1,1,1,0
871,Vole,YoungA,0,0,1,0,1,0,1
872,Vole,YoungA,0,1,0,0,0,0,0
874,Vole,YoungA,1,0,1,0,0,0,1
875,Vole,YoungA,0,0,0,0,1,1,1
900,Vole,YoungA,1,0,0,0,1,1,0
922,Vole,YoungA,0,0,0,1,0,0,0
923,Mouse,YoungA,0,0,1,0,0,0,1
924,Mouse,YoungA,0,0,1,0,0,0,0
949,Vole,YoungA,0,0,0,0,0,1,0
956,Vole,YoungA,0,0,0,0,0,1,0
975,Vole,YoungA,0,0,0,0,0,1,0
999,Vole,YoungA,0,0,0,1,0,1,0
1000,Mouse,YoungA,0,0,1,0,1,0,1
1001,Vole,YoungA,0,0,1,0,0,0,0
1002,Vole,YoungA,0,0,0,0,0,0,1
1003,Mouse,YoungA,0,0,0,0,0,0,1
1004,Mouse,YoungA,0,0,0,0,0,0,1
858,Mouse,YoungB,1,0,1,0,1,.,.
946,Mouse,YoungB,1,1,1,0,1,.,.
951,Mouse,YoungB,1,0,1,0,1,.,.
802,Chip,YoungC,0,0,0,1,0,1,0
803,Mouse,YoungC,1,0,0,0,0,0,0
810,Mouse,YoungC,0,0,1,0,0,0,1
814,Mouse,YoungC,1,0,1,0,1,0,0
830,Mouse,YoungC,0,0,0,0,1,0,0
832,Mouse,YoungC,1,0,1,1,1,1,0
833,Chip,YoungC,0,0,0,1,0,1,0
835,Mouse,YoungC,1,0,1,0,1,0,0
843,Chip,YoungC,0,0,0,0,1,0,0
846,Mouse,YoungC,1,0,1,0,1,0,0
883,Mouse,YoungC,0,0,1,0,1,0,1
884,Chip,YoungC,0,1,0,0,0,0,0
886,Mouse,YoungC,0,0,0,0,1,0,0
896,Mouse,YoungC,1,0,0,0,0,0,1
903,Chip,YoungC,0,1,0,1,0,0,0
908,Mouse,YoungC,1,0,1,0,1,0,0
911,Chip,YoungC,0,1,0,0,0,0,0
912,Mouse,YoungC,1,0,0,0,0,0,0
937,Chip,YoungC,0,0,0,1,0,0,0
942,Mouse,YoungC,0,0,0,0,1,0,1
955,Chip,YoungC,1,0,0,0,0,0,0
959,Mouse,YoungC,1,0,0,0,0,0,0
960,Mouse,YoungC,0,0,1,0,1,0,1
967,Mouse,YoungC,1,0,1,0,0,0,0
981,Chip,YoungC,0,0,0,1,0,1,0
982,Mouse,YoungC,1,0,0,0,0,0,0
986,Mouse,YoungC,1,1,1,0,1,0,1
991,Chip,YoungC,0,1,0,0,0,0,0
705,Mouse,YoungD,1,1,1,0,1,0,0
714,Mouse,YoungD,1,0,0,0,0,0,1
716,Mouse,YoungD,1,0,1,0,1,0,1
718,Vole,YoungD,0,0,1,0,0,0,0
720,Mouse,YoungD,0,0,1,0,1,0,1
722,Mouse,YoungD,1,0,1,0,0,0,0
726,Mouse,YoungD,1,0,1,0,0,0,1
727,Mouse,YoungD,0,0,0,0,1,0,1
728,Mouse,YoungD,1,0,0,0,0,0,1
731,Mouse,YoungD,0,0,1,1,0,0,1
736,Mouse,YoungD,1,0,1,0,1,0,1
739,Vole,YoungD,0,1,0,0,0,0,0
740,Mouse,YoungD,1,0,1,0,1,0,1
744,Mouse,YoungD,1,0,1,0,1,0,1
745,Mouse,YoungD,1,0,1,0,0,0,1
748,Mouse,YoungD,1,1,1,0,1,0,1
750,Mouse,YoungD,1,0,1,0,1,0,1
754,Vole,YoungD,0,0,1,0,0,0,1
756,Mouse,YoungD,1,0,1,0,1,0,1
760,Mouse,YoungD,0,0,1,0,1,0,0
761,Vole,YoungD,0,0,1,0,1,1,0
762,Mouse,YoungD,1,0,0,0,1,0,0
763,Vole,YoungD,0,0,0,0,0,1,0
771,Mouse,YoungD,0,0,0,0,1,0,0
772,Mouse,YoungD,1,0,1,1,1,0,1
774,Mouse,YoungD,0,0,1,0,1,0,1
775,Mouse,YoungD,1,0,1,1,1,0,0
777,Mouse,YoungD,1,0,0,0,0,0,0
780,Mouse,YoungD,0,0,1,0,0,0,1
781,Mouse,YoungD,0,0,1,0,0,0,0
784,Chip,YoungD,0,1,0,1,1,1,1
785,Mouse,YoungD,1,0,1,0,1,1,1
787,Mouse,YoungD,1,0,1,0,0,0,0
793,Mouse,YoungD,0,0,0,0,1,0,1
797,Mouse,YoungD,0,0,0,0,1,0,0
799,Mouse,YoungD,1,0,1,0,0,0,1
800,Mouse,YoungD,1,0,1,0,1,0,0
850,Vole,YoungD,1,0,0,0,0,0,0
876,Mouse,YoungD,1,0,1,0,0,0,1
905,Vole,YoungD,1,0,0,0,0,0,0
943,Mouse,YoungD,0,0,1,0,1,1,1
964,Vole,YoungD,0,0,1,0,1,0,0
988,Vole,YoungD,0,0,0,0,1,0,0
993,Mouse,YoungD,1,0,1,0,0,0,1
2000,Vole,YoungD,0,0,0,0,0,0,1
2029,Mouse,YoungD,0,0,0,0,0,0,1
2030,Mouse,YoungD,0,0,0,0,0,0,1
2031,Mouse,YoungD,0,0,0,0,0,0,1
2060,Mouse,YoungD,0,0,0,0,0,0,1
2061,Mouse,YoungD,0,0,0,0,0,0,1
2062,Mouse,YoungD,0,0,0,0,0,0,1
516,Vole,YoungE,1,0,0,1,1,1,0
517,Mouse,YoungE,1,1,1,0,0,0,1
518,Vole,YoungE,1,0,1,0,0,0,0
519,Vole,YoungE,1,0,0,0,1,0,0
520,Mouse,YoungE,1,1,1,0,1,0,1
521,Mouse,YoungE,1,0,1,0,0,0,1
522,Mouse,YoungE,1,1,1,0,1,0,1
523,Mouse,YoungE,1,0,1,0,1,0,1
524,Vole,YoungE,1,0,0,0,1,1,0
525,Mouse,YoungE,1,1,1,0,1,1,1
526,Mouse,YoungE,1,0,1,0,1,1,1
527,Mouse,YoungE,1,0,1,0,1,0,1
528,Vole,YoungE,1,1,0,0,0,0,0
529,Chip,YoungE,0,1,0,1,0,1,1
530,Vole,YoungE,0,0,0,1,0,1,0
531,Vole,YoungE,0,0,0,1,1,0,1
532,Vole,YoungE,0,0,0,1,0,0,0
533,Mouse,YoungE,0,0,0,0,1,0,0
534,Chip,YoungE,0,0,0,0,0,1,0
535,Vole,YoungE,0,0,0,0,0,1,0
630,Mouse,YoungE,1,0,1,0,1,1,1
631,Vole,YoungE,1,0,1,0,0,0,1
632,Mouse,YoungE,1,0,1,0,1,0,1
633,Mouse,YoungE,1,0,1,0,1,0,0
634,Mouse,YoungE,1,0,1,1,1,0,1
635,Mouse,YoungE,1,0,1,0,1,0,0
636,Mouse,YoungE,1,0,1,0,1,1,1
637,Mouse,YoungE,1,1,1,0,1,1,1
638,Mouse,YoungE,1,0,1,1,1,0,1
639,Mouse,YoungE,1,1,1,0,1,0,1
640,Mouse,YoungE,1,1,1,0,1,0,1
641,Vole,YoungE,0,1,0,0,1,0,0
642,Chip,YoungE,0,0,0,1,0,0,0
643,Chip,YoungE,0,0,0,0,0,1,0
644,Vole,YoungE,0,0,0,0,0,1,0
2002,Vole,YoungE,0,0,1,0,0,0,0
2014,Mouse,YoungE,0,0,0,0,0,0,1
2043,Mouse,YoungE,0,0,0,0,0,0,1
536,Mouse,YoungF,1,0,0,0,1,0,1
537,Mouse,YoungF,1,0,0,0,0,0,0
538,Mouse,YoungF,1,0,1,0,0,0,1
539,Mouse,YoungF,1,0,1,1,1,1,1
540,Mouse,YoungF,1,0,1,0,1,0,1
541,Mouse,YoungF,1,0,1,0,1,0,1
542,Mouse,YoungF,1,0,1,0,1,0,0
543,Vole,YoungF,1,0,1,1,0,0,1
544,Mouse,YoungF,1,0,0,0,1,0,1
545,Mouse,YoungF,1,0,1,1,0,0,0
546,Mouse,YoungF,1,0,1,0,0,0,1
547,Mouse,YoungF,1,0,1,0,1,0,1
548,Mouse,YoungF,1,0,0,0,0,0,1
549,Mouse,YoungF,1,0,1,1,0,0,1
550,Mouse,YoungF,1,0,1,0,1,0,1
551,Mouse,YoungF,1,1,1,1,1,1,1
552,Mouse,YoungF,1,0,1,0,0,0,0
553,Mouse,YoungF,1,0,1,0,1,1,1
554,Mouse,YoungF,1,0,0,0,1,0,0
555,Mouse,YoungF,1,0,0,0,1,0,1
556,Mouse,YoungF,1,0,1,1,0,1,0
557,Mouse,YoungF,1,1,0,0,1,0,1
558,Mouse,YoungF,1,0,1,0,1,0,1
559,Mouse,YoungF,0,0,1,0,1,0,1
560,Mouse,YoungF,0,0,1,0,1,0,0
576,Mouse,YoungF,1,0,0,0,1,0,0
577,Mouse,YoungF,1,0,0,0,0,0,1
578,Mouse,YoungF,0,0,1,0,1,0,1
579,Mouse,YoungF,0,0,1,0,0,0,0
580,Vole,YoungF,0,0,0,0,1,0,0
581,Mouse,YoungF,0,0,0,0,1,0,0
582,Mouse,YoungF,0,0,0,0,1,0,0
645,Mouse,YoungF,1,1,1,0,1,1,1
646,Mouse,YoungF,1,0,1,0,1,0,0
647,Mouse,YoungF,1,0,1,0,1,0,1
648,Mouse,YoungF,1,0,0,0,0,0,1
649,Mouse,YoungF,1,0,1,0,1,0,1
650,Mouse,YoungF,1,0,1,0,1,1,1
2001,Vole,YoungF,0,0,0,0,0,0,1
2044,Mouse,YoungF,0,0,0,0,0,0,1
2045,Mouse,YoungF,0,0,0,0,0,0,1
2046,Mouse,YoungF,0,0,0,0,0,0,1
2047,Mouse,YoungF,0,0,0,0,0,0,1
2063,Mouse,YoungF,0,0,0,0,0,0,1
561,Vole,YoungG,1,0,1,0,1,0,0
562,Mouse,YoungG,1,0,1,1,1,1,1
563,Mouse,YoungG,1,0,1,0,1,0,1
564,Mouse,YoungG,1,0,1,0,0,0,1
565,Mouse,YoungG,1,0,0,0,1,1,1
566,Mouse,YoungG,1,0,1,0,1,0,1
567,Mouse,YoungG,1,0,1,1,0,0,1
568,Vole,YoungG,0,0,0,1,0,0,0
569,Mouse,YoungG,0,0,0,0,1,0,1
570,Mouse,YoungG,0,0,0,0,1,0,0
571,Mouse,YoungG,0,0,0,0,1,0,1
572,Vole,YoungG,0,0,0,0,0,1,0
583,Mouse,YoungG,1,0,1,0,1,0,1
584,Mouse,YoungG,1,0,1,0,1,0,1
585,Vole,YoungG,1,1,0,0,0,0,0
586,Vole,YoungG,1,1,1,0,1,1,0
588,Mouse,YoungG,1,1,1,1,1,0,1
589,Mouse,YoungG,1,0,1,0,0,0,1
590,Mouse,YoungG,1,0,1,0,1,1,1
591,Mouse,YoungG,1,0,1,0,1,0,1
592,Mouse,YoungG,0,0,1,0,1,0,1
593,Mouse,YoungG,0,0,1,0,1,1,1
594,Mouse,YoungG,0,0,1,0,1,0,1
595,Mouse,YoungG,0,0,1,0,1,1,1
596,Mouse,YoungG,0,0,1,0,1,1,1
597,Vole,YoungG,0,0,0,1,1,0,0
598,Mouse,YoungG,0,0,0,0,1,1,1
599,Vole,YoungG,0,0,0,0,1,0,0
600,Mouse,YoungG,0,0,0,0,1,0,1
2003,Vole,YoungG,0,0,0,0,0,0,1
2015,Mouse,YoungG,0,0,0,0,0,0,1
2048,Mouse,YoungG,0,0,0,0,0,0,1
809,Mouse,OldA,0,0,1,1,0,0,1
815,Mouse,OldA,1,0,1,0,1,0,1
816,Mouse,OldA,1,0,1,1,1,1,1
817,Mouse,OldA,1,0,1,0,1,0,1
818,Mouse,OldA,1,0,1,1,0,0,0
819,Vole,OldA,0,1,1,1,1,1,0
820,Chip,OldA,0,1,1,1,1,1,1
821,Chip,OldA,0,1,1,0,1,0,1
822,Mouse,OldA,0,0,1,0,0,0,0
823,Mouse,OldA,0,0,1,0,1,0,0
837,Chip,OldA,0,0,0,1,1,1,0
860,Mouse,OldA,0,0,0,0,1,0,1
887,Mouse,OldA,0,0,0,0,1,0,1
895,Mouse,OldA,1,0,1,0,1,0,1
913,Mouse,OldA,1,1,1,0,1,1,1
916,Mouse,OldA,1,0,0,0,1,1,1
935,Vole,OldA,1,0,1,1,0,0,0
938,Mouse,OldA,0,0,0,0,1,0,0
957,Mouse,OldA,1,0,0,0,1,0,1
962,Mouse,OldA,0,0,0,0,1,0,0
963,Chip,OldA,0,0,0,1,0,1,0
970,Mouse,OldA,0,0,1,0,1,1,1
1016,Mouse,OldA,0,0,0,0,0,0,1
1017,Mouse,OldA,0,0,0,0,0,0,1
1018,Chip,OldA,0,0,0,0,0,0,1
805,Chip,OldB,0,0,1,1,0,1,0
807,Chip,OldB,0,1,0,1,0,1,0
808,Chip,OldB,0,1,1,1,0,1,0
811,Chip,OldB,0,0,1,1,0,1,1
834,Mouse,OldB,0,0,1,0,1,0,0
838,Chip,OldB,0,1,1,1,1,0,0
845,Vole,OldB,0,0,0,0,0,1,0
847,Mouse,OldB,0,0,0,0,1,0,1
848,Mouse,OldB,1,0,1,0,1,0,1
851,Chip,OldB,0,0,0,1,0,0,0
853,Chip,OldB,1,1,0,1,0,1,1
854,Mouse,OldB,1,0,1,0,1,0,1
873,Chip,OldB,0,0,1,0,1,0,0
877,Vole,OldB,1,0,0,0,0,0,0
879,Vole,OldB,0,0,1,0,0,0,0
880,Chip,OldB,0,1,1,1,1,1,0
888,Mouse,OldB,1,1,1,0,0,0,0
910,Chip,OldB,0,1,0,1,1,1,0
914,Mouse,OldB,0,0,1,0,1,0,1
918,Chip,OldB,0,1,0,0,0,1,0
929,Chip,OldB,0,0,0,0,0,1,0
932,Vole,OldB,0,0,0,0,1,0,1
940,Vole,OldB,0,0,0,1,0,0,0
941,Vole,OldB,0,0,0,0,1,0,1
954,Chip,OldB,0,0,0,1,0,1,0
958,Mouse,OldB,1,0,1,1,1,0,1
968,Vole,OldB,0,0,0,0,1,0,0
979,Mouse,OldB,1,0,0,0,1,0,1
983,Chip,OldB,1,1,1,1,1,1,0
987,Vole,OldB,1,1,0,0,1,1,0
992,Mouse,OldB,1,1,1,0,1,0,1
994,Vole,OldB,0,0,1,0,0,0,0
1023,Vole,OldB,0,0,1,0,0,0,0
1027,Mouse,OldB,0,0,0,0,0,0,1
813,Mouse,OldC,1,0,1,1,0,.,.
827,Mouse,OldC,1,0,1,1,1,.,.
902,Mouse,OldC,0,0,0,0,1,.,.
904,Chip,OldC,1,0,0,1,0,.,.
906,Vole,OldC,0,0,1,0,0,.,.
909,Chip,OldC,0,1,0,1,0,.,.
944,Chip,OldC,0,0,1,0,0,.,.
971,Mouse,OldC,1,0,1,1,1,.,.
989,Mouse,OldC,1,0,1,0,1,.,.
601,Mouse,OldD,0,0,0,0,1,0,0
651,Mouse,OldD,0,0,1,0,1,0,1
652,Chip,OldD,0,0,0,0,0,1,0
676,Mouse,OldD,0,0,1,0,1,1,1
677,Mouse,OldD,0,0,1,0,1,0,0
678,Mouse,OldD,0,0,1,0,1,1,1
679,Mouse,OldD,0,0,1,0,0,0,0
680,Mouse,OldD,0,0,1,0,0,0,1
681,Chip,OldD,0,0,1,0,0,1,0
682,Mouse,OldD,0,0,1,0,0,0,1
683,Mouse,OldD,0,0,1,0,1,1,0
684,Chip,OldD,0,0,1,0,1,0,1
685,Mouse,OldD,0,0,1,0,0,0,0
686,Mouse,OldD,0,0,1,0,0,0,0
687,Mouse,OldD,0,0,1,0,0,0,0
688,Mouse,OldD,0,0,0,0,1,0,1
689,Mouse,OldD,0,0,0,0,1,1,0
690,Mouse,OldD,0,0,0,0,1,1,0
691,Mouse,OldD,0,0,0,0,1,0,0
692,Chip,OldD,0,0,0,0,0,1,0
693,Chip,OldD,0,0,0,0,0,1,1
701,Mouse,OldD,1,0,1,1,0,0,1
703,Mouse,OldD,1,0,1,0,1,0,0
704,Mouse,OldD,1,0,1,0,0,1,0
708,Mouse,OldD,1,0,1,1,1,1,1
713,Mouse,OldD,1,0,0,0,0,0,0
723,Mouse,OldD,1,0,1,0,1,0,1
725,Mouse,OldD,1,0,1,0,1,1,1
729,Chip,OldD,0,0,0,1,1,1,1
732,Mouse,OldD,1,0,1,0,0,0,0
733,Mouse,OldD,1,0,1,0,1,1,1
734,Chip,OldD,1,1,1,1,1,1,0
738,Mouse,OldD,1,0,0,0,0,0,0
741,Mouse,OldD,1,0,1,0,1,0,0
743,Mouse,OldD,1,1,1,0,0,0,1
746,Mouse,OldD,1,0,1,1,0,0,0
747,Mouse,OldD,1,0,1,0,1,0,1
749,Mouse,OldD,1,0,1,0,1,0,1
751,Mouse,OldD,1,0,1,1,1,1,1
752,Mouse,OldD,1,0,1,0,1,1,1
753,Mouse,OldD,1,0,1,0,1,1,1
755,Mouse,OldD,1,0,0,0,1,0,0
758,Chip,OldD,0,0,0,1,0,1,0
759,Mouse,OldD,1,0,0,0,0,0,0
767,Mouse,OldD,1,0,0,0,1,0,0
769,Mouse,OldD,0,0,0,0,1,0,1
773,Mouse,OldD,0,0,0,0,1,0,0
782,Mouse,OldD,1,0,1,0,0,0,1
786,Mouse,OldD,1,0,1,1,1,0,1
788,Mouse,OldD,1,0,1,0,0,0,1
789,Mouse,OldD,1,0,1,0,0,0,0
792,Mouse,OldD,1,0,1,0,1,0,1
794,Chip,OldD,0,1,0,1,0,0,0
795,Chip,OldD,1,1,1,1,1,1,1
798,Mouse,OldD,1,0,1,0,1,0,1
915,Mouse,OldD,1,1,1,1,1,1,1
917,Chip,OldD,1,1,1,1,1,1,1
953,Mouse,OldD,1,1,1,1,0,0,0
980,Mouse,OldD,1,0,0,0,1,1,0
990,Mouse,OldD,1,0,0,0,1,0,0
2011,Mouse,OldD,0,0,0,0,0,0,1
2032,Mouse,OldD,0,0,0,0,0,0,1
2033,Mouse,OldD,0,0,0,0,0,0,1
2034,Mouse,OldD,0,0,0,0,0,0,1
2035,Mouse,OldD,0,0,0,0,0,0,1
2036,Mouse,OldD,0,0,0,0,0,0,1
2037,Mouse,OldD,0,0,0,0,0,0,1
301,Mouse,OldE,0,0,1,0,0,0,0
302,Mouse,OldE,0,0,1,0,0,0,0
303,Mouse,OldE,0,0,1,0,0,0,0
304,Vole,OldE,0,0,0,0,0,1,0
305,Vole,OldE,0,0,0,0,0,1,0
306,Vole,OldE,0,0,0,0,0,1,0
401,Vole,OldE,1,0,0,0,0,1,0
402,Mouse,OldE,1,0,0,0,0,0,0
403,Mouse,OldE,1,0,0,0,1,0,0
404,Mouse,OldE,1,0,0,0,0,0,1
405,Mouse,OldE,1,0,0,0,0,0,0
406,Mouse,OldE,1,0,1,0,0,0,0
407,Mouse,OldE,1,0,1,0,0,0,0
408,Mouse,OldE,1,0,1,0,0,0,0
410,Vole,OldE,0,1,0,0,0,0,0
411,Chip,OldE,0,1,0,0,0,0,0
412,Vole,OldE,0,1,0,0,0,0,1
413,Vole,OldE,0,1,0,0,0,0,0
414,Mouse,OldE,0,0,1,0,0,0,0
416,Vole,OldE,0,0,0,1,0,1,0
417,Vole,OldE,0,0,0,1,0,0,0
418,Vole,OldE,0,0,0,1,0,1,0
419,Mouse,OldE,0,0,0,0,1,0,1
421,Mouse,OldE,0,0,0,0,1,0,0
422,Vole,OldE,0,0,0,0,0,1,0
425,Mouse,OldE,1,0,1,0,0,0,1
447,Vole,OldE,1,0,0,0,0,0,0
449,Mouse,OldE,1,0,1,0,0,0,0
450,Mouse,OldE,1,0,0,0,0,0,1
451,Mouse,OldE,1,0,0,0,1,0,1
452,Mouse,OldE,1,0,1,0,1,0,1
453,Mouse,OldE,1,0,0,0,1,0,0
454,Mouse,OldE,1,0,0,0,0,0,1
455,Mouse,OldE,1,0,0,0,0,0,1
456,Vole,OldE,0,1,0,0,1,1,0
457,Vole,OldE,0,1,0,0,0,0,0
458,Vole,OldE,0,1,0,0,0,0,0
459,Vole,OldE,0,0,1,0,0,0,0
460,Mouse,OldE,1,0,1,0,0,0,1
461,Vole,OldE,0,1,0,0,1,0,0
464,Mouse,OldE,1,0,0,0,1,0,1
465,Mouse,OldE,1,0,0,0,0,0,1
466,Mouse,OldE,1,0,1,0,0,0,1
467,Vole,OldE,1,0,0,0,0,0,0
468,Mouse,OldE,1,0,0,0,1,0,0
472,Vole,OldE,1,1,0,0,0,0,0
473,Mouse,OldE,1,0,1,0,1,0,1
474,Mouse,OldE,1,0,1,0,1,0,1
475,Mouse,OldE,1,0,0,0,1,0,1
492,Mouse,OldE,1,0,0,0,0,0,1
493,Mouse,OldE,1,0,1,0,1,0,1
494,Mouse,OldE,1,0,1,0,1,0,0
495,Mouse,OldE,1,0,1,0,1,0,1
496,Mouse,OldE,1,0,1,0,1,0,0
497,Mouse,OldE,1,0,1,0,0,0,1
498,Mouse,OldE,1,0,0,0,0,0,0
499,Mouse,OldE,1,0,1,0,1,0,1
2004,Vole,OldE,0,0,0,0,0,0,1
2005,Vole,OldE,0,0,0,0,0,0,1
2006,Vole,OldE,0,0,0,0,0,0,1
2053,Mouse,OldE,0,0,0,0,0,0,1
2054,Mouse,OldE,0,0,0,0,0,0,1
307,Mouse,OldF,1,0,0,0,0,0,1
308,Mouse,OldF,1,0,1,0,1,0,1
309,Mouse,OldF,1,1,1,0,1,1,1
310,Mouse,OldF,1,0,1,1,1,0,0
311,Mouse,OldF,1,0,1,0,1,0,1
312,Mouse,OldF,1,0,1,0,1,0,1
313,Mouse,OldF,1,1,0,0,0,0,0
314,Mouse,OldF,1,0,1,1,1,1,1
315,Mouse,OldF,1,0,1,0,0,0,0
316,Mouse,OldF,1,0,1,0,1,0,1
317,Mouse,OldF,1,0,1,0,1,0,1
318,Mouse,OldF,1,0,1,0,1,0,0
319,Chip,OldF,1,1,1,1,0,1,1
320,Mouse,OldF,1,0,1,0,1,0,0
321,Mouse,OldF,1,0,1,0,1,0,1
322,Mouse,OldF,1,0,1,0,1,0,1
323,Mouse,OldF,1,0,1,0,1,0,1
324,Mouse,OldF,1,0,1,1,0,0,1
325,Mouse,OldF,1,0,1,0,1,0,1
326,Chip,OldF,0,0,0,0,0,1,0
328,Mouse,OldF,1,0,1,0,0,0,1
329,Mouse,OldF,1,0,1,0,0,0,0
330,Chip,OldF,1,1,1,1,1,1,1
331,Vole,OldF,1,0,0,0,0,0,1
332,Mouse,OldF,1,0,1,0,1,0,0
333,Mouse,OldF,1,0,1,0,1,0,0
334,Mouse,OldF,1,0,1,0,1,0,1
335,Mouse,OldF,1,0,1,0,1,0,1
336,Mouse,OldF,1,0,1,0,1,0,1
337,Mouse,OldF,1,0,1,0,1,0,1
338,Mouse,OldF,1,0,1,0,1,0,1
339,Mouse,OldF,1,0,1,0,1,0,1
340,Mouse,OldF,1,0,1,0,1,0,1
341,Chip,OldF,0,1,0,1,0,1,0
342,Mouse,OldF,0,0,1,0,1,0,0
343,Mouse,OldF,0,0,1,0,1,0,1
344,Mouse,OldF,0,0,1,0,0,0,1
345,Chip,OldF,0,0,1,1,1,1,0
346,Chip,OldF,0,0,0,1,0,1,0
347,Mouse,OldF,0,0,0,0,1,0,0
348,Mouse,OldF,0,0,0,0,1,0,0
349,Chip,OldF,0,0,0,0,1,1,0
350,Mouse,OldF,0,0,0,0,1,0,1
353,Chip,OldF,0,0,0,0,0,1,0
359,Mouse,OldF,1,0,1,0,1,0,1
360,Mouse,OldF,1,0,1,0,1,0,1
361,Mouse,OldF,1,0,1,0,1,0,1
363,Chip,OldF,0,1,0,1,1,1,1
364,Chip,OldF,0,1,0,1,0,0,0
365,Mouse,OldF,0,0,1,0,0,0,1
366,Mouse,OldF,0,0,1,0,1,0,1
367,Mouse,OldF,0,0,1,0,0,0,1
368,Mouse,OldF,0,0,1,0,1,0,1
369,Mouse,OldF,0,0,1,0,1,0,1
370,Chip,OldF,0,0,0,1,0,0,0
371,Mouse,OldF,0,0,0,0,1,0,0
372,Mouse,OldF,0,0,0,0,1,0,0
373,Chip,OldF,0,0,0,0,1,1,1
375,Mouse,OldF,0,0,0,0,1,0,1
379,Chip,OldF,0,0,0,0,0,1,0
380,Chip,OldF,0,0,0,0,1,1,0
386,Mouse,OldF,0,0,0,0,1,0,1
387,Mouse,OldF,0,0,0,0,1,0,0
388,Chip,OldF,0,0,0,0,1,1,0
389,Mouse,OldF,0,0,0,0,1,0,0
423,Mouse,OldF,1,0,1,0,1,0,1
424,Mouse,OldF,1,0,1,0,1,1,0
2018,Mouse,OldF,0,0,0,0,0,0,1
2024,Mouse,OldF,0,0,0,0,0,0,1
2055,Mouse,OldF,0,0,0,0,0,0,1
2217,Chip,OldF,0,0,0,0,0,0,1
201,Mouse,OldG,1,0,1,0,1,0,1
202,Mouse,OldG,1,0,1,0,0,0,1
203,Mouse,OldG,1,0,1,0,1,0,1
204,Mouse,OldG,1,0,1,0,1,1,1
205,Mouse,OldG,1,0,0,0,1,0,1
206,Mouse,OldG,1,0,1,0,1,1,0
207,Mouse,OldG,1,0,1,0,1,0,1
208,Mouse,OldG,1,0,1,0,1,0,1
209,Mouse,OldG,1,0,1,0,1,0,0
210,Mouse,OldG,1,0,1,0,1,1,1
211,Mouse,OldG,1,0,1,0,1,0,1
212,Mouse,OldG,1,0,1,0,0,0,1
213,Mouse,OldG,0,0,1,0,1,0,0
214,Mouse,OldG,0,0,1,0,0,0,0
215,Mouse,OldG,0,0,1,1,0,0,0
216,Mouse,OldG,0,0,1,1,1,0,0
217,Mouse,OldG,0,0,1,0,0,0,1
218,Mouse,OldG,0,0,1,0,0,0,0
220,Mouse,OldG,0,0,0,0,1,0,0
221,Mouse,OldG,0,0,0,0,1,0,0
226,Mouse,OldG,1,0,1,0,1,0,1
227,Mouse,OldG,1,0,0,0,0,0,0
228,Mouse,OldG,1,1,1,1,1,0,0
229,Mouse,OldG,1,0,1,0,0,0,0
230,Mouse,OldG,1,1,1,0,1,0,1
231,Mouse,OldG,1,0,1,0,0,0,0
232,Mouse,OldG,1,0,1,1,1,0,1
233,Mouse,OldG,1,0,0,0,1,0,0
234,Mouse,OldG,1,0,1,0,1,0,1
235,Mouse,OldG,1,0,1,0,1,1,1
236,Mouse,OldG,1,0,0,0,1,0,1
237,Mouse,OldG,1,0,1,0,1,0,1
238,Mouse,OldG,1,0,1,0,0,0,0
239,Mouse,OldG,1,0,1,0,1,0,1
240,Mouse,OldG,1,0,1,0,1,0,1
241,Mouse,OldG,1,0,1,0,1,0,1
242,Mouse,OldG,0,0,1,0,0,0,1
243,Mouse,OldG,0,0,1,1,1,0,1
244,Mouse,OldG,0,0,1,0,0,0,0
245,Mouse,OldG,0,0,1,0,1,0,0
246,Mouse,OldG,0,0,1,0,1,0,1
247,Mouse,OldG,0,0,1,0,1,0,1
248,Mouse,OldG,0,0,1,0,1,0,1
249,Mouse,OldG,0,0,1,0,0,0,1
250,Mouse,OldG,0,0,0,0,1,0,1
251,Mouse,OldG,0,0,0,0,1,0,0
252,Mouse,OldG,0,0,0,0,1,0,1
253,Mouse,OldG,0,0,0,0,1,0,0
254,Mouse,OldG,0,0,0,0,1,0,1
255,Chip,OldG,0,0,0,0,0,1,1
256,Chip,OldG,0,0,0,0,0,1,1
354,Mouse,OldG,1,0,1,1,0,0,0
355,Mouse,OldG,1,0,0,0,1,0,1
356,Mouse,OldG,1,0,1,0,0,0,0
357,Mouse,OldG,1,0,0,0,1,0,1
358,Mouse,OldG,1,0,1,1,1,0,1
376,Mouse,OldG,1,0,1,0,1,0,1
381,Mouse,OldG,1,0,1,0,1,0,1
382,Mouse,OldG,1,0,1,0,1,0,1
383,Mouse,OldG,1,0,1,0,1,1,1
384,Mouse,OldG,1,0,1,0,0,0,0
385,Mouse,OldG,1,1,1,1,1,0,0
390,Mouse,OldG,1,0,1,0,1,0,1
391,Mouse,OldG,1,0,1,0,0,0,1
392,Mouse,OldG,1,0,1,0,0,0,0
393,Mouse,OldG,1,0,1,0,1,0,1
394,Mouse,OldG,1,0,1,1,1,1,0
395,Mouse,OldG,1,0,1,0,1,1,0
396,Mouse,OldG,1,0,1,0,1,0,1
398,Mouse,OldG,1,0,0,0,1,0,1
399,Mouse,OldG,1,0,1,0,1,1,0
400,Mouse,OldG,1,0,1,0,1,0,1
2007,Vole,OldG,0,0,0,0,0,0,1
2021,Mouse,OldG,0,0,0,0,0,0,1
2022,Mouse,OldG,0,0,0,0,0,0,1
2023,Mouse,OldG,0,0,0,0,0,0,1
2056,Mouse,OldG,0,0,0,0,0,0,1
2057,Mouse,OldG,0,0,0,0,0,0,1
2058,Mouse,OldG,0,0,0,0,0,0,1
2065,Mouse,OldG,0,0,0,0,0,0,1
